"weekday","day_of_week","our_volume_sum","avg_exchange_volume","exchange_count"
Sun,0,72155.8,3.908561289461806,18668
Mon,1,107664.63,5.013945053549406,21778
Tue,2,92972.84,4.492331639618026,20994
Wed,3,79372.07,5.962448116903545,13474
Thu,4,93742.47,7.169079104052648,13258
Fri,5,56289.758,4.432259394200775,12836
Sat,6,60205.066,5.14574854624138,11797
