"network_id","avg_growht"
271,9.671166376136581
303,6.890688278848225
